Workbook

Sheet AHSP 2026
A1: FORMULIR ANALISA HARGA SATUAN PEKERJAAN (AHSP) 2026
A3: Item | B3: Pemasangan 1 m' kabel NYY 4 x 16 mm² | E3: Satuan: | F3: 1 m'
A4: NO | B4: KOMPONEN | C4: SATUAN | D4: KOEFISIEN | E4: HARGA SATUAN (Rp) | F4: JUMLAH HARGA (Rp)
A5: A | B5: TENAGA KERJA
B6: Pekerja | C6: OH | D6: 0.15 | E6: 100000 | F6: =D6*E6 -> 15000
B7: Tukang listrik | C7: OH | D7: 0.15 | E7: 145000 | F7: =D7*E7 -> 21750
B8: Kepala tukang | C8: OH | D8: 0.1 | E8: 175000 | F8: =D8*E8 -> 17500
B9: Mandor | C9: OH | D9: 0.035 | E9: 200000 | F9: =D9*E9 -> 7000
B10: JUMLAH TENAGA KERJA | F10: =SUM(F6:F9) -> 61250
A11: B | B11: BAHAN
B12: Kabel NYY 4 x 16 mm² supreme | C12: m' | D12: 1.15 | E12: 267300 | F12: =D12*E12 -> 307395
B13: Skun 16 ml + sleeve | C13: buah | D13: 0.5 | E13: 7627 | F13: =D13*E13 -> 3813.5
B14: Nilon Cutter | C14: buah | D14: 0.05 | E14: 33750 | F14: =D14*E14 -> 1687.5
B15: skun 16ml | C15: buah | D15: 0.2 | E15: 5100 | F15: =D15*E15 -> 1020
B16: JUMLAH HARGA BAHAN | F16: =SUM(F12:F15) -> 313916
A17: C | B17: PERALATAN
B18: JUMLAH HARGA PERALATAN | F18: 0
A19: D | B19: JUMLAH HARGA TENAGA, BAHAN, DAN PERALATAN (A+B+C) | F19: =F10+F16+F18 -> 375166
A20: E | B20: OVERHEAD & PROFIT (10%) | F20: =ROUND(F19*10%, 2) -> 37516.6
A21: F | B21: HARGA SATUAN PEKERJAAN (D+E) | F21: =F19+F20 -> 412682.6
A24: Item | B24: Pemasangan 1 m' kabel NYM 2 x 2,5 mm² | E24: Satuan: | F24: 1 m'
A25: NO | B25: KOMPONEN | C25: SATUAN | D25: KOEFISIEN | E25: HARGA SATUAN (Rp) | F25: JUMLAH HARGA (Rp)
A26: A | B26: TENAGA KERJA
B27: Pekerja | C27: OH | D27: 0.024 | E27: 100000 | F27: =D27*E27 -> 2400
B28: Tukang listrik | C28: OH | D28: 0.04 | E28: 145000 | F28: =D28*E28 -> 5800
B29: Kepala tukang | C29: OH | D29: 0.004 | E29: 175000 | F29: =D29*E29 -> 700
B30: Mandor | C30: OH | D30: 0.002 | E30: 200000 | F30: =D30*E30 -> 400
B31: JUMLAH TENAGA KERJA | F31: =SUM(F27:F30) -> 9300
A32: B | B32: BAHAN
B33: Kabel NYM 2 x 2,5 mm² | C33: m' | D33: 1.2 | E33: 26326 | F33: =D33*E33 -> 31591.2
B34: JUMLAH HARGA BAHAN | F34: =SUM(F33:F33) -> 31591.2
A35: C | B35: PERALATAN
B36: JUMLAH HARGA PERALATAN | F36: 0
A37: D | B37: JUMLAH HARGA TENAGA, BAHAN, DAN PERALATAN (A+B+C) | F37: =F31+F34+F36 -> 40891.2
A38: E | B38: OVERHEAD & PROFIT (10%) | F38: =ROUND(F37*10%, 2) -> 4089.12
A39: F | B39: HARGA SATUAN PEKERJAAN (D+E) | F39: =F37+F38 -> 44980.32
A42: Item | B42: Pemasangan 1 m' kabel NYY 4 x 16 mm² | E42: Satuan: | F42: 1 m'
A43: NO | B43: KOMPONEN | C43: SATUAN | D43: KOEFISIEN | E43: HARGA SATUAN (Rp) | F43: JUMLAH HARGA (Rp)
A44: A | B44: TENAGA KERJA
B45: Pekerja | C45: OH | D45: 0.16666667 | E45: 100000 | F45: =D45*E45 -> 16666.667
B46: Tukang listrik | C46: OH | D46: 0.16666667 | E46: 145000 | F46: =D46*E46 -> 24166.667
B47: Kepala tukang | C47: OH | D47: 0.083333333 | E47: 175000 | F47: =D47*E47 -> 14583.333
B48: Mandor | C48: OH | D48: 0.0016666667 | E48: 200000 | F48: =D48*E48 -> 333.33333
B49: JUMLAH TENAGA KERJA | F49: =SUM(F45:F48) -> 55750
A50: B | B50: BAHAN
B51: Kabel NYY 4 x 16 mm² | C51: m' | D51: 1.25 | E51: 270000 | F51: =D51*E51 -> 337500
B52: JUMLAH HARGA BAHAN | F52: =SUM(F51:F51) -> 337500
A53: C | B53: PERALATAN
B54: JUMLAH HARGA PERALATAN | F54: 0
A55: D | B55: JUMLAH HARGA TENAGA, BAHAN, DAN PERALATAN (A+B+C) | F55: =F49+F52+F54 -> 393250
A56: E | B56: OVERHEAD & PROFIT (10%) | F56: =ROUND(F55*10%, 2) -> 39325
A57: F | B57: HARGA SATUAN PEKERJAAN (D+E) | F57: =F55+F56 -> 432575
A60: Item | B60: Pemasangan 1 buah Kabel Power Fire Alarm NYA 3x2x2,5 mm2 | E60: Satuan: | F60: 1 m'
A61: NO | B61: KOMPONEN | C61: SATUAN | D61: KOEFISIEN | E61: HARGA SATUAN (Rp) | F61: JUMLAH HARGA (Rp)
A62: A | B62: TENAGA KERJA
B63: Pekerja | C63: OH | D63: 0.11 | E63: 100000 | F63: =D63*E63 -> 11000
B64: Tukang listrik | C64: OH | D64: 0.11 | E64: 145000 | F64: =D64*E64 -> 15950
B65: Kepala Tukang | C65: OH | D65: 0.05 | E65: 175000 | F65: =D65*E65 -> 8750
B66: Mandor | C66: OH | D66: 0.023 | E66: 200000 | F66: =D66*E66 -> 4600
B67: JUMLAH TENAGA KERJA | F67: =SUM(F63:F66) -> 40300
A68: B | B68: BAHAN
B69: Kabel NYA 3 x 2,5 mm² | C69: m | D69: 1.15 | E69: 33750 | F69: =D69*E69 -> 38812.5
B70: JUMLAH HARGA BAHAN | F70: =SUM(F69:F69) -> 38812.5
A71: C | B71: PERALATAN
B72: JUMLAH HARGA PERALATAN | F72: 0
A73: D | B73: JUMLAH HARGA TENAGA, BAHAN, DAN PERALATAN (A+B+C) | F73: =F67+F70+F72 -> 79112.5
A74: E | B74: OVERHEAD & PROFIT (10%) | F74: =ROUND(F73*10%, 2) -> 7911.25
A75: F | B75: HARGA SATUAN PEKERJAAN (D+E) | F75: =F73+F74 -> 87023.75
A78: Item | B78: Pemasangan 1 Unit MCB Box | E78: Satuan: | F78: 1 set
A79: NO | B79: KOMPONEN | C79: SATUAN | D79: KOEFISIEN | E79: HARGA SATUAN (Rp) | F79: JUMLAH HARGA (Rp)
A80: A | B80: TENAGA KERJA
B81: Pekerja | C81: OH | D81: 0.755 | E81: 100000 | F81: =D81*E81 -> 75500
B82: Tukang Listrik | C82: OH | D82: 2.5 | E82: 145000 | F82: =D82*E82 -> 362500
B83: Kepala tukang | C83: OH | D83: 0.54 | E83: 175000 | F83: =D83*E83 -> 94500
B84: Mandor | C84: OH | D84: 0.225 | E84: 200000 | F84: =D84*E84 -> 45000
B85: JUMLAH TENAGA KERJA | F85: =SUM(F81:F84) -> 577500
A86: B | B86: BAHAN
B87: MCB Box/panel 60x80x20 | C87: unit | D87: 0.5 | E87: 1320000 | F87: =D87*E87 -> 660000
B88: MCB Box/panel 40x60x20 | C88: unit | D88: 0.5 | E88: 665000 | F88: =D88*E88 -> 332500
B89: Schneider MCCB 3 Phase (EZC 60A) | C89: unit | D89: 1 | E89: 810000 | F89: =D89*E89 -> 810000
B90: Schneider MCCB 1 Phase (EZC 50A) | C90: unit | D90: 1 | E90: 520000 | F90: =D90*E90 -> 520000
B91: Surge Protective Device (SPD) 3 Phase | C91: unit | D91: 1 | E91: 2970000 | F91: =D91*E91 -> 2970000
B92: Copper Busbar (R-S-T-N-G) | C92: unit | D92: 4 | E92: 265000 | F92: =D92*E92 -> 1060000
B93: Digital Volt-Ampere-Hz Meter 3 Phase | C93: unit | D93: 1 | E93: 350000 | F93: =D93*E93 -> 350000
B94: Pilot Lamp LED (Merah, Kuning, Hijau) | C94: unit | D94: 0.5 | E94: 325000 | F94: =D94*E94 -> 162500
B95: Kabel Duct | C95: m | D95: 2 | E95: 35000 | F95: =D95*E95 -> 70000
B96: Terminal | C96: unit | D96: 1 | E96: 15000 | F96: =D96*E96 -> 15000
B97: Din rail | C97: m | D97: 1 | E97: 35000 | F97: =D97*E97 -> 35000
B98: Skun | C98: unit | D98: 10 | E98: 6000 | F98: =D98*E98 -> 60000
B99: Current transformer | C99: unit | D99: 1.5 | E99: 377500 | F99: =D99*E99 -> 566250
B100: JUMLAH HARGA BAHAN | F100: =SUM(F87:F99) -> 7611250
A101: C | B101: PERALATAN
B102: JUMLAH HARGA PERALATAN | F102: 0
A103: D | B103: JUMLAH HARGA TENAGA, BAHAN, DAN PERALATAN (A+B+C) | F103: =F85+F100+F102 -> 8188750
A104: E | B104: OVERHEAD & PROFIT (10%) | F104: =ROUND(F103*10%, 2) -> 818875
A105: F | B105: HARGA SATUAN PEKERJAAN (D+E) | F105: =F103+F104 -> 9007625
A108: Item | B108: Pemasangan Downlight LED [Merk: HANNOCHS] (BASEMENT) | E108: Satuan: | F108: 1 Buah
A109: NO | B109: KOMPONEN | C109: SATUAN | D109: KOEFISIEN | E109: HARGA SATUAN (Rp) | F109: JUMLAH HARGA (Rp)
A110: A | B110: TENAGA KERJA
B111: Pekerja | C111: OH | D111: 0.21052632 | E111: 95000 | F111: =D111*E111 -> 20000
...

Sheet Rekapitulasi RAB
A1: REKAPITULASI PENAWARAN HARGA (RAB)
A2: Proyek: ELEKTRIKAL PMI
A3: Kontraktor: Cv. Putra Sampean Dalem
A5: NO | B5: URAIAN PEKERJAAN | C5: VOL | D5: SAT | E5: HARGA SATUAN (RP) | F5: JUMLAH HARGA (RP)
A6: 1 | B6: Pemasangan 1 m' kabel NYY 4 x 16 mm² | C6: 20 | D6: m' | E6: ='AHSP 2026'!F21 -> 412682.6 | F6: =C6*E6 -> 8253652
A7: 2 | B7: Pemasangan 1 m' kabel NYM 2 x 2,5 mm² | C7: 5 | D7: m' | E7: ='AHSP 2026'!F39 -> 44980.32 | F7: =C7*E7 -> 224901.6
A8: 3 | B8: Pemasangan 1 m' kabel NYY 4 x 16 mm² | C8: 6 | D8: m' | E8: ='AHSP 2026'!F57 -> 432575 | F8: =C8*E8 -> 2595450
A9: 4 | B9: Pemasangan 1 buah Kabel Power Fire Alarm NYA 3x2x2,5 mm2 | C9: 10 | D9: m' | E9: ='AHSP 2026'!F75 -> 87023.75 | F9: =C9*E9 -> 870237.5
A10: 5 | B10: Pemasangan 1 Unit MCB Box | C10: 2 | D10: set | E10: ='AHSP 2026'!F105 -> 9007625 | F10: =C10*E10 -> 18015250
A11: 6 | B11: Pemasangan Downlight LED [Merk: HANNOCHS] (BASEMENT) | C11: 19 | D11: Buah | E11: ='AHSP 2026'!F122 -> 91560.522 | F11: =C11*E11 -> 1739649.9
A12: 7 | B12: Instalasi Stop Kontak [Merk: BROCO] + Uji Fungsi (LT 1 DAN LT 2) | C12: 3 | D12: Titik | E12: ='AHSP 2026'!F141 -> 161607.6 | F12: =C12*E12 -> 484822.8
B13: SUB TOTAL | F13: =SUM(F6:F12) -> 32183964
B14: PAJAK PERTAMBAHAN NILAI (PPN) 11% | F14: =ROUND(F13*11%, 2) -> 3540236
B15: GRAND TOTAL | F15: =F13+F14 -> 35724200
